archive_url,archive_date,age_group,first_doses,second_doses
https://web.archive.org/web/20210407235229/https://health.govt.nz/our-work/diseases-and-conditions/covid-19-novel-coronavirus/covid-19-data-and-statistics/covid-19-vaccine-data,2021-04-07,10 - 19 years,1438,243
https://web.archive.org/web/20210407235229/https://health.govt.nz/our-work/diseases-and-conditions/covid-19-novel-coronavirus/covid-19-data-and-statistics/covid-19-vaccine-data,2021-04-07,20 - 29 years,14951,3686
https://web.archive.org/web/20210407235229/https://health.govt.nz/our-work/diseases-and-conditions/covid-19-novel-coronavirus/covid-19-data-and-statistics/covid-19-vaccine-data,2021-04-07,30 - 39 years,14750,4040
https://web.archive.org/web/20210407235229/https://health.govt.nz/our-work/diseases-and-conditions/covid-19-novel-coronavirus/covid-19-data-and-statistics/covid-19-vaccine-data,2021-04-07,40 - 49 years,12866,3871
https://web.archive.org/web/20210407235229/https://health.govt.nz/our-work/diseases-and-conditions/covid-19-novel-coronavirus/covid-19-data-and-statistics/covid-19-vaccine-data,2021-04-07,50 - 59 years,14786,4415
https://web.archive.org/web/20210407235229/https://health.govt.nz/our-work/diseases-and-conditions/covid-19-novel-coronavirus/covid-19-data-and-statistics/covid-19-vaccine-data,2021-04-07,60 - 69 years,9403,2553
https://web.archive.org/web/20210407235229/https://health.govt.nz/our-work/diseases-and-conditions/covid-19-novel-coronavirus/covid-19-data-and-statistics/covid-19-vaccine-data,2021-04-07,70 - 79 years,2328,413
https://web.archive.org/web/20210407235229/https://health.govt.nz/our-work/diseases-and-conditions/covid-19-novel-coronavirus/covid-19-data-and-statistics/covid-19-vaccine-data,2021-04-07,80 + years / Unknown,491,52
https://web.archive.org/web/20210407235229/https://health.govt.nz/our-work/diseases-and-conditions/covid-19-novel-coronavirus/covid-19-data-and-statistics/covid-19-vaccine-data,2021-04-07,Total,71013,19273
https://web.archive.org/web/20210415071705/https://health.govt.nz/our-work/diseases-and-conditions/covid-19-novel-coronavirus/covid-19-data-and-statistics/covid-19-vaccine-data,2021-04-15,10 - 19 years,2005,578
https://web.archive.org/web/20210415071705/https://health.govt.nz/our-work/diseases-and-conditions/covid-19-novel-coronavirus/covid-19-data-and-statistics/covid-19-vaccine-data,2021-04-15,20 - 29 years,20846,6379
https://web.archive.org/web/20210415071705/https://health.govt.nz/our-work/diseases-and-conditions/covid-19-novel-coronavirus/covid-19-data-and-statistics/covid-19-vaccine-data,2021-04-15,30 - 39 years,21300,6303
https://web.archive.org/web/20210415071705/https://health.govt.nz/our-work/diseases-and-conditions/covid-19-novel-coronavirus/covid-19-data-and-statistics/covid-19-vaccine-data,2021-04-15,40 - 49 years,18906,5767
https://web.archive.org/web/20210415071705/https://health.govt.nz/our-work/diseases-and-conditions/covid-19-novel-coronavirus/covid-19-data-and-statistics/covid-19-vaccine-data,2021-04-15,50 - 59 years,22082,6557
https://web.archive.org/web/20210415071705/https://health.govt.nz/our-work/diseases-and-conditions/covid-19-novel-coronavirus/covid-19-data-and-statistics/covid-19-vaccine-data,2021-04-15,60 - 69 years,14932,3814
https://web.archive.org/web/20210415071705/https://health.govt.nz/our-work/diseases-and-conditions/covid-19-novel-coronavirus/covid-19-data-and-statistics/covid-19-vaccine-data,2021-04-15,70 - 79 years,4244,681
https://web.archive.org/web/20210415071705/https://health.govt.nz/our-work/diseases-and-conditions/covid-19-novel-coronavirus/covid-19-data-and-statistics/covid-19-vaccine-data,2021-04-15,80 + years / Unknown,1076,115
https://web.archive.org/web/20210415071705/https://health.govt.nz/our-work/diseases-and-conditions/covid-19-novel-coronavirus/covid-19-data-and-statistics/covid-19-vaccine-data,2021-04-15,Total,105391,30194
https://web.archive.org/web/20210421233327/https://health.govt.nz/our-work/diseases-and-conditions/covid-19-novel-coronavirus/covid-19-data-and-statistics/covid-19-vaccine-data,2021-04-21,10 - 19 years,2658,939
https://web.archive.org/web/20210421233327/https://health.govt.nz/our-work/diseases-and-conditions/covid-19-novel-coronavirus/covid-19-data-and-statistics/covid-19-vaccine-data,2021-04-21,20 - 29 years,26724,9168
https://web.archive.org/web/20210421233327/https://health.govt.nz/our-work/diseases-and-conditions/covid-19-novel-coronavirus/covid-19-data-and-statistics/covid-19-vaccine-data,2021-04-21,30 - 39 years,27617,8787
https://web.archive.org/web/20210421233327/https://health.govt.nz/our-work/diseases-and-conditions/covid-19-novel-coronavirus/covid-19-data-and-statistics/covid-19-vaccine-data,2021-04-21,40 - 49 years,24776,7904
https://web.archive.org/web/20210421233327/https://health.govt.nz/our-work/diseases-and-conditions/covid-19-novel-coronavirus/covid-19-data-and-statistics/covid-19-vaccine-data,2021-04-21,50 - 59 years,29656,9163
https://web.archive.org/web/20210421233327/https://health.govt.nz/our-work/diseases-and-conditions/covid-19-novel-coronavirus/covid-19-data-and-statistics/covid-19-vaccine-data,2021-04-21,60 - 69 years,20824,5460
https://web.archive.org/web/20210421233327/https://health.govt.nz/our-work/diseases-and-conditions/covid-19-novel-coronavirus/covid-19-data-and-statistics/covid-19-vaccine-data,2021-04-21,70 - 79 years,6269,1118
https://web.archive.org/web/20210421233327/https://health.govt.nz/our-work/diseases-and-conditions/covid-19-novel-coronavirus/covid-19-data-and-statistics/covid-19-vaccine-data,2021-04-21,80 - 89 years,1639,211
https://web.archive.org/web/20210421233327/https://health.govt.nz/our-work/diseases-and-conditions/covid-19-novel-coronavirus/covid-19-data-and-statistics/covid-19-vaccine-data,2021-04-21,90 + years / Unknown,417,21
https://web.archive.org/web/20210421233327/https://health.govt.nz/our-work/diseases-and-conditions/covid-19-novel-coronavirus/covid-19-data-and-statistics/covid-19-vaccine-data,2021-04-21,Total,140580,42771
https://web.archive.org/web/20210428230556/https://health.govt.nz/our-work/diseases-and-conditions/covid-19-novel-coronavirus/covid-19-data-and-statistics/covid-19-vaccine-data,2021-04-28,10 - 19 years,3295,1169
https://web.archive.org/web/20210428230556/https://health.govt.nz/our-work/diseases-and-conditions/covid-19-novel-coronavirus/covid-19-data-and-statistics/covid-19-vaccine-data,2021-04-28,20 - 29 years,31601,12346
https://web.archive.org/web/20210428230556/https://health.govt.nz/our-work/diseases-and-conditions/covid-19-novel-coronavirus/covid-19-data-and-statistics/covid-19-vaccine-data,2021-04-28,30 - 39 years,33035,12322
https://web.archive.org/web/20210428230556/https://health.govt.nz/our-work/diseases-and-conditions/covid-19-novel-coronavirus/covid-19-data-and-statistics/covid-19-vaccine-data,2021-04-28,40 - 49 years,29796,10869
https://web.archive.org/web/20210428230556/https://health.govt.nz/our-work/diseases-and-conditions/covid-19-novel-coronavirus/covid-19-data-and-statistics/covid-19-vaccine-data,2021-04-28,50 - 59 years,36590,12660
https://web.archive.org/web/20210428230556/https://health.govt.nz/our-work/diseases-and-conditions/covid-19-novel-coronavirus/covid-19-data-and-statistics/covid-19-vaccine-data,2021-04-28,60 - 69 years,26372,8156
https://web.archive.org/web/20210428230556/https://health.govt.nz/our-work/diseases-and-conditions/covid-19-novel-coronavirus/covid-19-data-and-statistics/covid-19-vaccine-data,2021-04-28,70 - 79 years,8274,2058
https://web.archive.org/web/20210428230556/https://health.govt.nz/our-work/diseases-and-conditions/covid-19-novel-coronavirus/covid-19-data-and-statistics/covid-19-vaccine-data,2021-04-28,80 - 89 years,2709,391
https://web.archive.org/web/20210428230556/https://health.govt.nz/our-work/diseases-and-conditions/covid-19-novel-coronavirus/covid-19-data-and-statistics/covid-19-vaccine-data,2021-04-28,90 + years / Unknown,892,53
https://web.archive.org/web/20210428230556/https://health.govt.nz/our-work/diseases-and-conditions/covid-19-novel-coronavirus/covid-19-data-and-statistics/covid-19-vaccine-data,2021-04-28,Total,172564,60024
https://web.archive.org/web/20210505230719/https://health.govt.nz/our-work/diseases-and-conditions/covid-19-novel-coronavirus/covid-19-data-and-statistics/covid-19-vaccine-data,2021-05-05,10 - 19 years,3991,1570
https://web.archive.org/web/20210505230719/https://health.govt.nz/our-work/diseases-and-conditions/covid-19-novel-coronavirus/covid-19-data-and-statistics/covid-19-vaccine-data,2021-05-05,20 - 29 years,37412,16986
https://web.archive.org/web/20210505230719/https://health.govt.nz/our-work/diseases-and-conditions/covid-19-novel-coronavirus/covid-19-data-and-statistics/covid-19-vaccine-data,2021-05-05,30 - 39 years,39827,17497
https://web.archive.org/web/20210505230719/https://health.govt.nz/our-work/diseases-and-conditions/covid-19-novel-coronavirus/covid-19-data-and-statistics/covid-19-vaccine-data,2021-05-05,40 - 49 years,36307,15605
https://web.archive.org/web/20210505230719/https://health.govt.nz/our-work/diseases-and-conditions/covid-19-novel-coronavirus/covid-19-data-and-statistics/covid-19-vaccine-data,2021-05-05,50 - 59 years,45898,18628
https://web.archive.org/web/20210505230719/https://health.govt.nz/our-work/diseases-and-conditions/covid-19-novel-coronavirus/covid-19-data-and-statistics/covid-19-vaccine-data,2021-05-05,60 - 69 years,34633,12627
https://web.archive.org/web/20210505230719/https://health.govt.nz/our-work/diseases-and-conditions/covid-19-novel-coronavirus/covid-19-data-and-statistics/covid-19-vaccine-data,2021-05-05,70 - 79 years,12479,3560
https://web.archive.org/web/20210505230719/https://health.govt.nz/our-work/diseases-and-conditions/covid-19-novel-coronavirus/covid-19-data-and-statistics/covid-19-vaccine-data,2021-05-05,80 - 89 years,5104,721
https://web.archive.org/web/20210505230719/https://health.govt.nz/our-work/diseases-and-conditions/covid-19-novel-coronavirus/covid-19-data-and-statistics/covid-19-vaccine-data,2021-05-05,90 + years / Unknown,1952,103
https://web.archive.org/web/20210505230719/https://health.govt.nz/our-work/diseases-and-conditions/covid-19-novel-coronavirus/covid-19-data-and-statistics/covid-19-vaccine-data,2021-05-05,Total,217603,87297
https://web.archive.org/web/20210512010959/https://health.govt.nz/our-work/diseases-and-conditions/covid-19-novel-coronavirus/covid-19-data-and-statistics/covid-19-vaccine-data,2021-05-12,10 - 19 years,4772,2045
https://web.archive.org/web/20210512010959/https://health.govt.nz/our-work/diseases-and-conditions/covid-19-novel-coronavirus/covid-19-data-and-statistics/covid-19-vaccine-data,2021-05-12,20 - 29 years,42663,22338
https://web.archive.org/web/20210512010959/https://health.govt.nz/our-work/diseases-and-conditions/covid-19-novel-coronavirus/covid-19-data-and-statistics/covid-19-vaccine-data,2021-05-12,30 - 39 years,45905,23499
https://web.archive.org/web/20210512010959/https://health.govt.nz/our-work/diseases-and-conditions/covid-19-novel-coronavirus/covid-19-data-and-statistics/covid-19-vaccine-data,2021-05-12,40 - 49 years,42252,21314
https://web.archive.org/web/20210512010959/https://health.govt.nz/our-work/diseases-and-conditions/covid-19-novel-coronavirus/covid-19-data-and-statistics/covid-19-vaccine-data,2021-05-12,50 - 59 years,54113,25737
https://web.archive.org/web/20210512010959/https://health.govt.nz/our-work/diseases-and-conditions/covid-19-novel-coronavirus/covid-19-data-and-statistics/covid-19-vaccine-data,2021-05-12,60 - 69 years,44891,18165
https://web.archive.org/web/20210512010959/https://health.govt.nz/our-work/diseases-and-conditions/covid-19-novel-coronavirus/covid-19-data-and-statistics/covid-19-vaccine-data,2021-05-12,70 - 79 years,21562,5400
https://web.archive.org/web/20210512010959/https://health.govt.nz/our-work/diseases-and-conditions/covid-19-novel-coronavirus/covid-19-data-and-statistics/covid-19-vaccine-data,2021-05-12,80 - 89 years,9357,1321
https://web.archive.org/web/20210512010959/https://health.govt.nz/our-work/diseases-and-conditions/covid-19-novel-coronavirus/covid-19-data-and-statistics/covid-19-vaccine-data,2021-05-12,90 + years / Unknown,3272,271
https://web.archive.org/web/20210512010959/https://health.govt.nz/our-work/diseases-and-conditions/covid-19-novel-coronavirus/covid-19-data-and-statistics/covid-19-vaccine-data,2021-05-12,Total,268787,120090
https://web.archive.org/web/20210519205354/https://health.govt.nz/our-work/diseases-and-conditions/covid-19-novel-coronavirus/covid-19-data-and-statistics/covid-19-vaccine-data,2021-05-19,10 - 19 years,5391,2553
https://web.archive.org/web/20210519205354/https://health.govt.nz/our-work/diseases-and-conditions/covid-19-novel-coronavirus/covid-19-data-and-statistics/covid-19-vaccine-data,2021-05-19,20 - 29 years,47267,27378
https://web.archive.org/web/20210519205354/https://health.govt.nz/our-work/diseases-and-conditions/covid-19-novel-coronavirus/covid-19-data-and-statistics/covid-19-vaccine-data,2021-05-19,30 - 39 years,51408,29077
https://web.archive.org/web/20210519205354/https://health.govt.nz/our-work/diseases-and-conditions/covid-19-novel-coronavirus/covid-19-data-and-statistics/covid-19-vaccine-data,2021-05-19,40 - 49 years,47645,26491
https://web.archive.org/web/20210519205354/https://health.govt.nz/our-work/diseases-and-conditions/covid-19-novel-coronavirus/covid-19-data-and-statistics/covid-19-vaccine-data,2021-05-19,50 - 59 years,61715,33032
https://web.archive.org/web/20210519205354/https://health.govt.nz/our-work/diseases-and-conditions/covid-19-novel-coronavirus/covid-19-data-and-statistics/covid-19-vaccine-data,2021-05-19,60 - 69 years,55670,24003
https://web.archive.org/web/20210519205354/https://health.govt.nz/our-work/diseases-and-conditions/covid-19-novel-coronavirus/covid-19-data-and-statistics/covid-19-vaccine-data,2021-05-19,70 - 79 years,32774,7404
https://web.archive.org/web/20210519205354/https://health.govt.nz/our-work/diseases-and-conditions/covid-19-novel-coronavirus/covid-19-data-and-statistics/covid-19-vaccine-data,2021-05-19,80 - 89 years,14739,2292
https://web.archive.org/web/20210519205354/https://health.govt.nz/our-work/diseases-and-conditions/covid-19-novel-coronavirus/covid-19-data-and-statistics/covid-19-vaccine-data,2021-05-19,90 + years / Unknown,4893,703
https://web.archive.org/web/20210519205354/https://health.govt.nz/our-work/diseases-and-conditions/covid-19-novel-coronavirus/covid-19-data-and-statistics/covid-19-vaccine-data,2021-05-19,Total,321502,152933
https://web.archive.org/web/20210526173802/https://health.govt.nz/our-work/diseases-and-conditions/covid-19-novel-coronavirus/covid-19-data-and-statistics/covid-19-vaccine-data,2021-05-26,10 - 19 years,6076,3217
https://web.archive.org/web/20210526173802/https://health.govt.nz/our-work/diseases-and-conditions/covid-19-novel-coronavirus/covid-19-data-and-statistics/covid-19-vaccine-data,2021-05-26,20 - 29 years,50934,32555
https://web.archive.org/web/20210526173802/https://health.govt.nz/our-work/diseases-and-conditions/covid-19-novel-coronavirus/covid-19-data-and-statistics/covid-19-vaccine-data,2021-05-26,30 - 39 years,55618,35022
https://web.archive.org/web/20210526173802/https://health.govt.nz/our-work/diseases-and-conditions/covid-19-novel-coronavirus/covid-19-data-and-statistics/covid-19-vaccine-data,2021-05-26,40 - 49 years,51626,32166
https://web.archive.org/web/20210526173802/https://health.govt.nz/our-work/diseases-and-conditions/covid-19-novel-coronavirus/covid-19-data-and-statistics/covid-19-vaccine-data,2021-05-26,50 - 59 years,67508,41080
https://web.archive.org/web/20210526173802/https://health.govt.nz/our-work/diseases-and-conditions/covid-19-novel-coronavirus/covid-19-data-and-statistics/covid-19-vaccine-data,2021-05-26,60 - 69 years,65552,30959
https://web.archive.org/web/20210526173802/https://health.govt.nz/our-work/diseases-and-conditions/covid-19-novel-coronavirus/covid-19-data-and-statistics/covid-19-vaccine-data,2021-05-26,70 - 79 years,45270,10589
https://web.archive.org/web/20210526173802/https://health.govt.nz/our-work/diseases-and-conditions/covid-19-novel-coronavirus/covid-19-data-and-statistics/covid-19-vaccine-data,2021-05-26,80 - 89 years,21656,4014
https://web.archive.org/web/20210526173802/https://health.govt.nz/our-work/diseases-and-conditions/covid-19-novel-coronavirus/covid-19-data-and-statistics/covid-19-vaccine-data,2021-05-26,90 + years / Unknown,6803,1504
https://web.archive.org/web/20210526173802/https://health.govt.nz/our-work/diseases-and-conditions/covid-19-novel-coronavirus/covid-19-data-and-statistics/covid-19-vaccine-data,2021-05-26,Total,371043,191106
https://web.archive.org/web/20210602155507/https://health.govt.nz/our-work/diseases-and-conditions/covid-19-novel-coronavirus/covid-19-data-and-statistics/covid-19-vaccine-data,2021-06-02,10 - 19 years,6792,3882
https://web.archive.org/web/20210602155507/https://health.govt.nz/our-work/diseases-and-conditions/covid-19-novel-coronavirus/covid-19-data-and-statistics/covid-19-vaccine-data,2021-06-02,20 - 29 years,54289,37214
https://web.archive.org/web/20210602155507/https://health.govt.nz/our-work/diseases-and-conditions/covid-19-novel-coronavirus/covid-19-data-and-statistics/covid-19-vaccine-data,2021-06-02,30 - 39 years,59681,40591
https://web.archive.org/web/20210602155507/https://health.govt.nz/our-work/diseases-and-conditions/covid-19-novel-coronavirus/covid-19-data-and-statistics/covid-19-vaccine-data,2021-06-02,40 - 49 years,55904,37659
https://web.archive.org/web/20210602155507/https://health.govt.nz/our-work/diseases-and-conditions/covid-19-novel-coronavirus/covid-19-data-and-statistics/covid-19-vaccine-data,2021-06-02,50 - 59 years,74022,48760
https://web.archive.org/web/20210602155507/https://health.govt.nz/our-work/diseases-and-conditions/covid-19-novel-coronavirus/covid-19-data-and-statistics/covid-19-vaccine-data,2021-06-02,60 - 69 years,78999,39774
https://web.archive.org/web/20210602155507/https://health.govt.nz/our-work/diseases-and-conditions/covid-19-novel-coronavirus/covid-19-data-and-statistics/covid-19-vaccine-data,2021-06-02,70 - 79 years,63722,17706
https://web.archive.org/web/20210602155507/https://health.govt.nz/our-work/diseases-and-conditions/covid-19-novel-coronavirus/covid-19-data-and-statistics/covid-19-vaccine-data,2021-06-02,80 - 89 years,30121,7390
https://web.archive.org/web/20210602155507/https://health.govt.nz/our-work/diseases-and-conditions/covid-19-novel-coronavirus/covid-19-data-and-statistics/covid-19-vaccine-data,2021-06-02,90 + years / Unknown,8979,2630
https://web.archive.org/web/20210602155507/https://health.govt.nz/our-work/diseases-and-conditions/covid-19-novel-coronavirus/covid-19-data-and-statistics/covid-19-vaccine-data,2021-06-02,Total,432509,235606
https://web.archive.org/web/20210609102318/https://health.govt.nz/our-work/diseases-and-conditions/covid-19-novel-coronavirus/covid-19-data-and-statistics/covid-19-vaccine-data,2021-06-09,10 - 19 years,7402,4413
https://web.archive.org/web/20210609102318/https://health.govt.nz/our-work/diseases-and-conditions/covid-19-novel-coronavirus/covid-19-data-and-statistics/covid-19-vaccine-data,2021-06-09,20 - 29 years,57318,40738
https://web.archive.org/web/20210609102318/https://health.govt.nz/our-work/diseases-and-conditions/covid-19-novel-coronavirus/covid-19-data-and-statistics/covid-19-vaccine-data,2021-06-09,30 - 39 years,63498,44955
https://web.archive.org/web/20210609102318/https://health.govt.nz/our-work/diseases-and-conditions/covid-19-novel-coronavirus/covid-19-data-and-statistics/covid-19-vaccine-data,2021-06-09,40 - 49 years,59883,41896
https://web.archive.org/web/20210609102318/https://health.govt.nz/our-work/diseases-and-conditions/covid-19-novel-coronavirus/covid-19-data-and-statistics/covid-19-vaccine-data,2021-06-09,50 - 59 years,80501,54877
https://web.archive.org/web/20210609102318/https://health.govt.nz/our-work/diseases-and-conditions/covid-19-novel-coronavirus/covid-19-data-and-statistics/covid-19-vaccine-data,2021-06-09,60 - 69 years,94493,48275
https://web.archive.org/web/20210609102318/https://health.govt.nz/our-work/diseases-and-conditions/covid-19-novel-coronavirus/covid-19-data-and-statistics/covid-19-vaccine-data,2021-06-09,70 - 79 years,84710,26346
https://web.archive.org/web/20210609102318/https://health.govt.nz/our-work/diseases-and-conditions/covid-19-novel-coronavirus/covid-19-data-and-statistics/covid-19-vaccine-data,2021-06-09,80 - 89 years,39499,11383
https://web.archive.org/web/20210609102318/https://health.govt.nz/our-work/diseases-and-conditions/covid-19-novel-coronavirus/covid-19-data-and-statistics/covid-19-vaccine-data,2021-06-09,90 + years / Unknown,11366,3891
https://web.archive.org/web/20210609102318/https://health.govt.nz/our-work/diseases-and-conditions/covid-19-novel-coronavirus/covid-19-data-and-statistics/covid-19-vaccine-data,2021-06-09,Total,498670,276774
https://web.archive.org/web/20210616214534/https://health.govt.nz/our-work/diseases-and-conditions/covid-19-novel-coronavirus/covid-19-data-and-statistics/covid-19-vaccine-data,2021-06-16,10 - 19 years,8099,4918
https://web.archive.org/web/20210616214534/https://health.govt.nz/our-work/diseases-and-conditions/covid-19-novel-coronavirus/covid-19-data-and-statistics/covid-19-vaccine-data,2021-06-16,20 - 29 years,60502,44255
https://web.archive.org/web/20210616214534/https://health.govt.nz/our-work/diseases-and-conditions/covid-19-novel-coronavirus/covid-19-data-and-statistics/covid-19-vaccine-data,2021-06-16,30 - 39 years,67650,49258
https://web.archive.org/web/20210616214534/https://health.govt.nz/our-work/diseases-and-conditions/covid-19-novel-coronavirus/covid-19-data-and-statistics/covid-19-vaccine-data,2021-06-16,40 - 49 years,64370,46041
https://web.archive.org/web/20210616214534/https://health.govt.nz/our-work/diseases-and-conditions/covid-19-novel-coronavirus/covid-19-data-and-statistics/covid-19-vaccine-data,2021-06-16,50 - 59 years,88527,61021
https://web.archive.org/web/20210616214534/https://health.govt.nz/our-work/diseases-and-conditions/covid-19-novel-coronavirus/covid-19-data-and-statistics/covid-19-vaccine-data,2021-06-16,60 - 69 years,110767,57977
https://web.archive.org/web/20210616214534/https://health.govt.nz/our-work/diseases-and-conditions/covid-19-novel-coronavirus/covid-19-data-and-statistics/covid-19-vaccine-data,2021-06-16,70 - 79 years,104716,37729
https://web.archive.org/web/20210616214534/https://health.govt.nz/our-work/diseases-and-conditions/covid-19-novel-coronavirus/covid-19-data-and-statistics/covid-19-vaccine-data,2021-06-16,80 - 89 years,48938,17676
https://web.archive.org/web/20210616214534/https://health.govt.nz/our-work/diseases-and-conditions/covid-19-novel-coronavirus/covid-19-data-and-statistics/covid-19-vaccine-data,2021-06-16,90 + years / Unknown,13619,5639
https://web.archive.org/web/20210616214534/https://health.govt.nz/our-work/diseases-and-conditions/covid-19-novel-coronavirus/covid-19-data-and-statistics/covid-19-vaccine-data,2021-06-16,Total,567188,324514
https://web.archive.org/web/20210623220417/https://health.govt.nz/our-work/diseases-and-conditions/covid-19-novel-coronavirus/covid-19-data-and-statistics/covid-19-vaccine-data,2021-06-23,10 - 19 years,8927,5613
https://web.archive.org/web/20210623220417/https://health.govt.nz/our-work/diseases-and-conditions/covid-19-novel-coronavirus/covid-19-data-and-statistics/covid-19-vaccine-data,2021-06-23,20 - 29 years,64069,47931
https://web.archive.org/web/20210623220417/https://health.govt.nz/our-work/diseases-and-conditions/covid-19-novel-coronavirus/covid-19-data-and-statistics/covid-19-vaccine-data,2021-06-23,30 - 39 years,72283,53639
https://web.archive.org/web/20210623220417/https://health.govt.nz/our-work/diseases-and-conditions/covid-19-novel-coronavirus/covid-19-data-and-statistics/covid-19-vaccine-data,2021-06-23,40 - 49 years,69298,50504
https://web.archive.org/web/20210623220417/https://health.govt.nz/our-work/diseases-and-conditions/covid-19-novel-coronavirus/covid-19-data-and-statistics/covid-19-vaccine-data,2021-06-23,50 - 59 years,97042,67325
https://web.archive.org/web/20210623220417/https://health.govt.nz/our-work/diseases-and-conditions/covid-19-novel-coronavirus/covid-19-data-and-statistics/covid-19-vaccine-data,2021-06-23,60 - 69 years,128328,70045
https://web.archive.org/web/20210623220417/https://health.govt.nz/our-work/diseases-and-conditions/covid-19-novel-coronavirus/covid-19-data-and-statistics/covid-19-vaccine-data,2021-06-23,70 - 79 years,124920,53611
https://web.archive.org/web/20210623220417/https://health.govt.nz/our-work/diseases-and-conditions/covid-19-novel-coronavirus/covid-19-data-and-statistics/covid-19-vaccine-data,2021-06-23,80 - 89 years,57625,25227
https://web.archive.org/web/20210623220417/https://health.govt.nz/our-work/diseases-and-conditions/covid-19-novel-coronavirus/covid-19-data-and-statistics/covid-19-vaccine-data,2021-06-23,90 + years / Unknown,15355,7622
https://web.archive.org/web/20210623220417/https://health.govt.nz/our-work/diseases-and-conditions/covid-19-novel-coronavirus/covid-19-data-and-statistics/covid-19-vaccine-data,2021-06-23,Total,637847,381517
https://web.archive.org/web/20210630184537/https://health.govt.nz/our-work/diseases-and-conditions/covid-19-novel-coronavirus/covid-19-data-and-statistics/covid-19-vaccine-data,2021-06-30,10 - 19 years,9824,6244
https://web.archive.org/web/20210630184537/https://health.govt.nz/our-work/diseases-and-conditions/covid-19-novel-coronavirus/covid-19-data-and-statistics/covid-19-vaccine-data,2021-06-30,20 - 29 years,67653,51147
https://web.archive.org/web/20210630184537/https://health.govt.nz/our-work/diseases-and-conditions/covid-19-novel-coronavirus/covid-19-data-and-statistics/covid-19-vaccine-data,2021-06-30,30 - 39 years,76903,57621
https://web.archive.org/web/20210630184537/https://health.govt.nz/our-work/diseases-and-conditions/covid-19-novel-coronavirus/covid-19-data-and-statistics/covid-19-vaccine-data,2021-06-30,40 - 49 years,74282,54640
https://web.archive.org/web/20210630184537/https://health.govt.nz/our-work/diseases-and-conditions/covid-19-novel-coronavirus/covid-19-data-and-statistics/covid-19-vaccine-data,2021-06-30,50 - 59 years,105937,73684
https://web.archive.org/web/20210630184537/https://health.govt.nz/our-work/diseases-and-conditions/covid-19-novel-coronavirus/covid-19-data-and-statistics/covid-19-vaccine-data,2021-06-30,60 - 69 years,145283,84269
https://web.archive.org/web/20210630184537/https://health.govt.nz/our-work/diseases-and-conditions/covid-19-novel-coronavirus/covid-19-data-and-statistics/covid-19-vaccine-data,2021-06-30,70 - 79 years,142652,73330
https://web.archive.org/web/20210630184537/https://health.govt.nz/our-work/diseases-and-conditions/covid-19-novel-coronavirus/covid-19-data-and-statistics/covid-19-vaccine-data,2021-06-30,80 - 89 years,65794,33962
https://web.archive.org/web/20210630184537/https://health.govt.nz/our-work/diseases-and-conditions/covid-19-novel-coronavirus/covid-19-data-and-statistics/covid-19-vaccine-data,2021-06-30,90 + years / Unknown,16734,9649
https://web.archive.org/web/20210630184537/https://health.govt.nz/our-work/diseases-and-conditions/covid-19-novel-coronavirus/covid-19-data-and-statistics/covid-19-vaccine-data,2021-06-30,Total,705062,444546
https://web.archive.org/web/20210707011144/https://health.govt.nz/our-work/diseases-and-conditions/covid-19-novel-coronavirus/covid-19-data-and-statistics/covid-19-vaccine-data,2021-07-07,10 - 19 years,10687,6797
https://web.archive.org/web/20210707011144/https://health.govt.nz/our-work/diseases-and-conditions/covid-19-novel-coronavirus/covid-19-data-and-statistics/covid-19-vaccine-data,2021-07-07,20 - 29 years,70836,53771
https://web.archive.org/web/20210707011144/https://health.govt.nz/our-work/diseases-and-conditions/covid-19-novel-coronavirus/covid-19-data-and-statistics/covid-19-vaccine-data,2021-07-07,30 - 39 years,80939,61024
https://web.archive.org/web/20210707011144/https://health.govt.nz/our-work/diseases-and-conditions/covid-19-novel-coronavirus/covid-19-data-and-statistics/covid-19-vaccine-data,2021-07-07,40 - 49 years,79128,58396
https://web.archive.org/web/20210707011144/https://health.govt.nz/our-work/diseases-and-conditions/covid-19-novel-coronavirus/covid-19-data-and-statistics/covid-19-vaccine-data,2021-07-07,50 - 59 years,114055,80021
https://web.archive.org/web/20210707011144/https://health.govt.nz/our-work/diseases-and-conditions/covid-19-novel-coronavirus/covid-19-data-and-statistics/covid-19-vaccine-data,2021-07-07,60 - 69 years,161611,97684
https://web.archive.org/web/20210707011144/https://health.govt.nz/our-work/diseases-and-conditions/covid-19-novel-coronavirus/covid-19-data-and-statistics/covid-19-vaccine-data,2021-07-07,70 - 79 years,159275,90738
https://web.archive.org/web/20210707011144/https://health.govt.nz/our-work/diseases-and-conditions/covid-19-novel-coronavirus/covid-19-data-and-statistics/covid-19-vaccine-data,2021-07-07,80 - 89 years,74255,41909
https://web.archive.org/web/20210707011144/https://health.govt.nz/our-work/diseases-and-conditions/covid-19-novel-coronavirus/covid-19-data-and-statistics/covid-19-vaccine-data,2021-07-07,90 + years / Unknown,18081,11512
https://web.archive.org/web/20210707011144/https://health.govt.nz/our-work/diseases-and-conditions/covid-19-novel-coronavirus/covid-19-data-and-statistics/covid-19-vaccine-data,2021-07-07,Total,768867,501852
https://web.archive.org/web/20210714030341/https://health.govt.nz/our-work/diseases-and-conditions/covid-19-novel-coronavirus/covid-19-data-and-statistics/covid-19-vaccine-data,2021-07-14,10 - 19 years,11640,7449
https://web.archive.org/web/20210714030341/https://health.govt.nz/our-work/diseases-and-conditions/covid-19-novel-coronavirus/covid-19-data-and-statistics/covid-19-vaccine-data,2021-07-14,20 - 29 years,74737,56914
https://web.archive.org/web/20210714030341/https://health.govt.nz/our-work/diseases-and-conditions/covid-19-novel-coronavirus/covid-19-data-and-statistics/covid-19-vaccine-data,2021-07-14,30 - 39 years,86092,65138
https://web.archive.org/web/20210714030341/https://health.govt.nz/our-work/diseases-and-conditions/covid-19-novel-coronavirus/covid-19-data-and-statistics/covid-19-vaccine-data,2021-07-14,40 - 49 years,85100,62693
https://web.archive.org/web/20210714030341/https://health.govt.nz/our-work/diseases-and-conditions/covid-19-novel-coronavirus/covid-19-data-and-statistics/covid-19-vaccine-data,2021-07-14,50 - 59 years,124259,87341
https://web.archive.org/web/20210714030341/https://health.govt.nz/our-work/diseases-and-conditions/covid-19-novel-coronavirus/covid-19-data-and-statistics/covid-19-vaccine-data,2021-07-14,60 - 69 years,179180,112700
https://web.archive.org/web/20210714030341/https://health.govt.nz/our-work/diseases-and-conditions/covid-19-novel-coronavirus/covid-19-data-and-statistics/covid-19-vaccine-data,2021-07-14,70 - 79 years,177920,108930
https://web.archive.org/web/20210714030341/https://health.govt.nz/our-work/diseases-and-conditions/covid-19-novel-coronavirus/covid-19-data-and-statistics/covid-19-vaccine-data,2021-07-14,80 - 89 years,81396,50285
https://web.archive.org/web/20210714030341/https://health.govt.nz/our-work/diseases-and-conditions/covid-19-novel-coronavirus/covid-19-data-and-statistics/covid-19-vaccine-data,2021-07-14,90 + years / Unknown,19229,13339
https://web.archive.org/web/20210714030341/https://health.govt.nz/our-work/diseases-and-conditions/covid-19-novel-coronavirus/covid-19-data-and-statistics/covid-19-vaccine-data,2021-07-14,Total,839554,564789
https://web.archive.org/web/20210721225341/https://health.govt.nz/our-work/diseases-and-conditions/covid-19-novel-coronavirus/covid-19-data-and-statistics/covid-19-vaccine-data,2021-07-21,10 - 19 years,12924,8199
https://web.archive.org/web/20210721225341/https://health.govt.nz/our-work/diseases-and-conditions/covid-19-novel-coronavirus/covid-19-data-and-statistics/covid-19-vaccine-data,2021-07-21,20 - 29 years,79859,60234
https://web.archive.org/web/20210721225341/https://health.govt.nz/our-work/diseases-and-conditions/covid-19-novel-coronavirus/covid-19-data-and-statistics/covid-19-vaccine-data,2021-07-21,30 - 39 years,93170,69456
https://web.archive.org/web/20210721225341/https://health.govt.nz/our-work/diseases-and-conditions/covid-19-novel-coronavirus/covid-19-data-and-statistics/covid-19-vaccine-data,2021-07-21,40 - 49 years,93912,67247
https://web.archive.org/web/20210721225341/https://health.govt.nz/our-work/diseases-and-conditions/covid-19-novel-coronavirus/covid-19-data-and-statistics/covid-19-vaccine-data,2021-07-21,50 - 59 years,138078,95262
https://web.archive.org/web/20210721225341/https://health.govt.nz/our-work/diseases-and-conditions/covid-19-novel-coronavirus/covid-19-data-and-statistics/covid-19-vaccine-data,2021-07-21,60 - 69 years,200242,127890
https://web.archive.org/web/20210721225341/https://health.govt.nz/our-work/diseases-and-conditions/covid-19-novel-coronavirus/covid-19-data-and-statistics/covid-19-vaccine-data,2021-07-21,70 - 79 years,197795,126379
https://web.archive.org/web/20210721225341/https://health.govt.nz/our-work/diseases-and-conditions/covid-19-novel-coronavirus/covid-19-data-and-statistics/covid-19-vaccine-data,2021-07-21,80 - 89 years,88499,58520
https://web.archive.org/web/20210721225341/https://health.govt.nz/our-work/diseases-and-conditions/covid-19-novel-coronavirus/covid-19-data-and-statistics/covid-19-vaccine-data,2021-07-21,90 + years / Unknown,20297,15072
https://web.archive.org/web/20210721225341/https://health.govt.nz/our-work/diseases-and-conditions/covid-19-novel-coronavirus/covid-19-data-and-statistics/covid-19-vaccine-data,2021-07-21,Total,924776,628259
https://web.archive.org/web/20210728221239/https://health.govt.nz/our-work/diseases-and-conditions/covid-19-novel-coronavirus/covid-19-data-and-statistics/covid-19-vaccine-data,2021-07-28,10 - 19 years,15292,9050
https://web.archive.org/web/20210728221239/https://health.govt.nz/our-work/diseases-and-conditions/covid-19-novel-coronavirus/covid-19-data-and-statistics/covid-19-vaccine-data,2021-07-28,20 - 29 years,87608,64041
https://web.archive.org/web/20210728221239/https://health.govt.nz/our-work/diseases-and-conditions/covid-19-novel-coronavirus/covid-19-data-and-statistics/covid-19-vaccine-data,2021-07-28,30 - 39 years,104453,74211
https://web.archive.org/web/20210728221239/https://health.govt.nz/our-work/diseases-and-conditions/covid-19-novel-coronavirus/covid-19-data-and-statistics/covid-19-vaccine-data,2021-07-28,40 - 49 years,110126,72595
https://web.archive.org/web/20210728221239/https://health.govt.nz/our-work/diseases-and-conditions/covid-19-novel-coronavirus/covid-19-data-and-statistics/covid-19-vaccine-data,2021-07-28,50 - 59 years,160759,104397
https://web.archive.org/web/20210728221239/https://health.govt.nz/our-work/diseases-and-conditions/covid-19-novel-coronavirus/covid-19-data-and-statistics/covid-19-vaccine-data,2021-07-28,60 - 69 years,232957,146020
https://web.archive.org/web/20210728221239/https://health.govt.nz/our-work/diseases-and-conditions/covid-19-novel-coronavirus/covid-19-data-and-statistics/covid-19-vaccine-data,2021-07-28,70 - 79 years,226631,145295
https://web.archive.org/web/20210728221239/https://health.govt.nz/our-work/diseases-and-conditions/covid-19-novel-coronavirus/covid-19-data-and-statistics/covid-19-vaccine-data,2021-07-28,80 - 89 years,99704,67348
https://web.archive.org/web/20210728221239/https://health.govt.nz/our-work/diseases-and-conditions/covid-19-novel-coronavirus/covid-19-data-and-statistics/covid-19-vaccine-data,2021-07-28,90 + years / Unknown,22155,16512
https://web.archive.org/web/20210728221239/https://health.govt.nz/our-work/diseases-and-conditions/covid-19-novel-coronavirus/covid-19-data-and-statistics/covid-19-vaccine-data,2021-07-28,Total,1059685,699469
https://web.archive.org/web/20210804234629/https://health.govt.nz/our-work/diseases-and-conditions/covid-19-novel-coronavirus/covid-19-data-and-statistics/covid-19-vaccine-data,2021-08-04,10 - 19 years,18999,9968
https://web.archive.org/web/20210804234629/https://health.govt.nz/our-work/diseases-and-conditions/covid-19-novel-coronavirus/covid-19-data-and-statistics/covid-19-vaccine-data,2021-08-04,20 - 29 years,101483,67932
https://web.archive.org/web/20210804234629/https://health.govt.nz/our-work/diseases-and-conditions/covid-19-novel-coronavirus/covid-19-data-and-statistics/covid-19-vaccine-data,2021-08-04,30 - 39 years,124216,79201
https://web.archive.org/web/20210804234629/https://health.govt.nz/our-work/diseases-and-conditions/covid-19-novel-coronavirus/covid-19-data-and-statistics/covid-19-vaccine-data,2021-08-04,40 - 49 years,137504,78344
https://web.archive.org/web/20210804234629/https://health.govt.nz/our-work/diseases-and-conditions/covid-19-novel-coronavirus/covid-19-data-and-statistics/covid-19-vaccine-data,2021-08-04,50 - 59 years,193341,114070
https://web.archive.org/web/20210804234629/https://health.govt.nz/our-work/diseases-and-conditions/covid-19-novel-coronavirus/covid-19-data-and-statistics/covid-19-vaccine-data,2021-08-04,60 - 69 years,284679,163403
https://web.archive.org/web/20210804234629/https://health.govt.nz/our-work/diseases-and-conditions/covid-19-novel-coronavirus/covid-19-data-and-statistics/covid-19-vaccine-data,2021-08-04,70 - 79 years,256243,163884
https://web.archive.org/web/20210804234629/https://health.govt.nz/our-work/diseases-and-conditions/covid-19-novel-coronavirus/covid-19-data-and-statistics/covid-19-vaccine-data,2021-08-04,80 - 89 years,110940,75144
https://web.archive.org/web/20210804234629/https://health.govt.nz/our-work/diseases-and-conditions/covid-19-novel-coronavirus/covid-19-data-and-statistics/covid-19-vaccine-data,2021-08-04,90 + years / Unknown,23911,17762
https://web.archive.org/web/20210804234629/https://health.govt.nz/our-work/diseases-and-conditions/covid-19-novel-coronavirus/covid-19-data-and-statistics/covid-19-vaccine-data,2021-08-04,Total,1251316,769708
https://web.archive.org/web/20210811130842/https://health.govt.nz/our-work/diseases-and-conditions/covid-19-novel-coronavirus/covid-19-data-and-statistics/covid-19-vaccine-data,2021-08-11,10 - 19 years,23186,11034
https://web.archive.org/web/20210811130842/https://health.govt.nz/our-work/diseases-and-conditions/covid-19-novel-coronavirus/covid-19-data-and-statistics/covid-19-vaccine-data,2021-08-11,20 - 29 years,115871,72513
https://web.archive.org/web/20210811130842/https://health.govt.nz/our-work/diseases-and-conditions/covid-19-novel-coronavirus/covid-19-data-and-statistics/covid-19-vaccine-data,2021-08-11,30 - 39 years,145546,85431
https://web.archive.org/web/20210811130842/https://health.govt.nz/our-work/diseases-and-conditions/covid-19-novel-coronavirus/covid-19-data-and-statistics/covid-19-vaccine-data,2021-08-11,40 - 49 years,164636,85811
https://web.archive.org/web/20210811130842/https://health.govt.nz/our-work/diseases-and-conditions/covid-19-novel-coronavirus/covid-19-data-and-statistics/covid-19-vaccine-data,2021-08-11,50 - 59 years,238805,125883
https://web.archive.org/web/20210811130842/https://health.govt.nz/our-work/diseases-and-conditions/covid-19-novel-coronavirus/covid-19-data-and-statistics/covid-19-vaccine-data,2021-08-11,60 - 69 years,333041,182755
https://web.archive.org/web/20210811130842/https://health.govt.nz/our-work/diseases-and-conditions/covid-19-novel-coronavirus/covid-19-data-and-statistics/covid-19-vaccine-data,2021-08-11,70 - 79 years,278060,183567
https://web.archive.org/web/20210811130842/https://health.govt.nz/our-work/diseases-and-conditions/covid-19-novel-coronavirus/covid-19-data-and-statistics/covid-19-vaccine-data,2021-08-11,80 - 89 years,120237,82480
https://web.archive.org/web/20210811130842/https://health.govt.nz/our-work/diseases-and-conditions/covid-19-novel-coronavirus/covid-19-data-and-statistics/covid-19-vaccine-data,2021-08-11,90 + years / Unknown,25513,18932
https://web.archive.org/web/20210811130842/https://health.govt.nz/our-work/diseases-and-conditions/covid-19-novel-coronavirus/covid-19-data-and-statistics/covid-19-vaccine-data,2021-08-11,Total,1444895,848406
https://web.archive.org/web/20210818084704/https://health.govt.nz/our-work/diseases-and-conditions/covid-19-novel-coronavirus/covid-19-data-and-statistics/covid-19-vaccine-data,2021-08-18,10 - 19 years,28855,12673
https://web.archive.org/web/20210818084704/https://health.govt.nz/our-work/diseases-and-conditions/covid-19-novel-coronavirus/covid-19-data-and-statistics/covid-19-vaccine-data,2021-08-18,20 - 29 years,135686,78449
https://web.archive.org/web/20210818084704/https://health.govt.nz/our-work/diseases-and-conditions/covid-19-novel-coronavirus/covid-19-data-and-statistics/covid-19-vaccine-data,2021-08-18,30 - 39 years,172950,93637
https://web.archive.org/web/20210818084704/https://health.govt.nz/our-work/diseases-and-conditions/covid-19-novel-coronavirus/covid-19-data-and-statistics/covid-19-vaccine-data,2021-08-18,40 - 49 years,197297,97367
https://web.archive.org/web/20210818084704/https://health.govt.nz/our-work/diseases-and-conditions/covid-19-novel-coronavirus/covid-19-data-and-statistics/covid-19-vaccine-data,2021-08-18,50 - 59 years,303559,143005
https://web.archive.org/web/20210818084704/https://health.govt.nz/our-work/diseases-and-conditions/covid-19-novel-coronavirus/covid-19-data-and-statistics/covid-19-vaccine-data,2021-08-18,60 - 69 years,370131,208619
https://web.archive.org/web/20210818084704/https://health.govt.nz/our-work/diseases-and-conditions/covid-19-novel-coronavirus/covid-19-data-and-statistics/covid-19-vaccine-data,2021-08-18,70 - 79 years,293614,207697
https://web.archive.org/web/20210818084704/https://health.govt.nz/our-work/diseases-and-conditions/covid-19-novel-coronavirus/covid-19-data-and-statistics/covid-19-vaccine-data,2021-08-18,80 - 89 years,126961,92472
https://web.archive.org/web/20210818084704/https://health.govt.nz/our-work/diseases-and-conditions/covid-19-novel-coronavirus/covid-19-data-and-statistics/covid-19-vaccine-data,2021-08-18,90 + years / Unknown,26545,20496
https://web.archive.org/web/20210818084704/https://health.govt.nz/our-work/diseases-and-conditions/covid-19-novel-coronavirus/covid-19-data-and-statistics/covid-19-vaccine-data,2021-08-18,Total,1655598,954415
https://web.archive.org/web/20210825192955/https://health.govt.nz/our-work/diseases-and-conditions/covid-19-novel-coronavirus/covid-19-data-and-statistics/covid-19-vaccine-data,2021-08-25,12 - 29 years,228204,98614
https://web.archive.org/web/20210825192955/https://health.govt.nz/our-work/diseases-and-conditions/covid-19-novel-coronavirus/covid-19-data-and-statistics/covid-19-vaccine-data,2021-08-25,30 - 49 years,449503,210851
https://web.archive.org/web/20210825192955/https://health.govt.nz/our-work/diseases-and-conditions/covid-19-novel-coronavirus/covid-19-data-and-statistics/covid-19-vaccine-data,2021-08-25,50 - 64 years,551101,261674
https://web.archive.org/web/20210825192955/https://health.govt.nz/our-work/diseases-and-conditions/covid-19-novel-coronavirus/covid-19-data-and-statistics/covid-19-vaccine-data,2021-08-25,65 and over,653298,479209
https://web.archive.org/web/20210825192955/https://health.govt.nz/our-work/diseases-and-conditions/covid-19-novel-coronavirus/covid-19-data-and-statistics/covid-19-vaccine-data,2021-08-25,Total,1882106,1050348
